Name,Date,Day,ID
Doug93,05-10-2023 18:45,Thursday,2fba2529-c166-8574-2da2-eac544d82634
Leticia.Pagac,05-10-2023 18:45,Thursday,908dcb71-beeb-57c4-72f6-50451a6c3d12
Candice_Farrell39,05-10-2023 18:45,Thursday,4a198b3f-6696-e319-2cbf-c50fa09f4ecc
Ted32,05-10-2023 18:45,Thursday,88885096-1825-640b-1dff-281b668b24e5
Eileen_Schneider30,05-10-2023 18:45,Thursday,99f065e9-2796-0dc7-97c4-8ea28db20bf7
Hugo_Lang,05-10-2023 18:45,Thursday,e51c2535-8913-8681-4182-aa7af408e927
Jennie52,05-10-2023 18:45,Thursday,0c9b9253-3f4d-407f-4499-19a998cf7b6e
Toni69,05-10-2023 18:45,Thursday,5ca3c3fc-c842-9f4e-fa1f-028b96e06515
Aaron_Gleason20,05-10-2023 18:45,Thursday,0d0ac023-746e-5d8e-3229-4b049c62400c
Angelica_Willms,05-10-2023 18:45,Thursday,a69de642-dd03-ba60-2241-9952b57463ef
Sylvia_McGlynn,05-10-2023 18:45,Thursday,1111011b-50a0-0121-8b39-8d63bfd1f39e
Wilfred.Hyatt19,05-10-2023 18:45,Thursday,61db12a4-b192-25f1-4146-cde57015d27c
Roman.Veum,05-10-2023 18:45,Thursday,d1434c7e-c14a-5b85-0e72-0ce74d690ceb
Garry_Rice69,05-10-2023 18:45,Thursday,4fe0db05-816a-8d2d-fb54-6fc6b8a68135
Nelson.Stamm,05-10-2023 18:45,Thursday,d155a2ae-d536-9917-e16f-8f42b81692da
Melanie75,05-10-2023 18:45,Thursday,e1aa6c11-199f-6a22-c5a7-aa43b16492a3
Marvin.Beer51,05-10-2023 18:45,Thursday,2588393e-9822-9948-025a-a2cbfe1215df
Megan17,05-10-2023 18:45,Thursday,70f55abd-ce18-d7f7-8a21-b4e9bdc8eb22
Lorena_Mitchell32,05-10-2023 18:45,Thursday,485196af-f2a9-0468-e99c-08dc9fafe15f
Jeanne_Grady90,05-10-2023 18:45,Thursday,51c3889b-3676-4ff4-c3c1-87b120a3c893
Rex.OConner69,05-10-2023 18:45,Thursday,c2b86cf1-ed54-b757-d743-fb0fe74c0c09
Shannon18,05-10-2023 18:45,Thursday,e883bd10-c2ab-1f4b-61e8-ae2e29a32097
Jackie_Maggio52,05-10-2023 18:45,Thursday,e9aee328-f08a-28e0-ac15-c6227152fa91
Kent_Marvin17,05-10-2023 18:45,Thursday,35af28c2-1784-cff0-63cb-7cc8ba85d863
Karen73,05-10-2023 18:45,Thursday,f98d2104-b92e-4030-6efb-c4479a39d630
Louise82,05-10-2023 18:45,Thursday,0ee9b932-8372-e164-f953-4cf04f97022b
Lucas_Wilkinson,05-10-2023 18:45,Thursday,dfe29042-5a63-f124-0873-6d72f9474c44
Naomi78,05-10-2023 18:45,Thursday,3d8b31f3-75d8-099d-fed9-0290670e1090
Kristie_Rowe28,05-10-2023 18:45,Thursday,01ffbd3b-7f1a-6969-710f-e46380c18930
Melanie.Beer19,05-10-2023 18:45,Thursday,f9d7c5a7-a101-6c9e-2ad5-e4f43f328206
Brandy14,05-10-2023 18:45,Thursday,916c868e-1535-c340-3344-2bc43ef4f21c
Lucas.OHara67,05-10-2023 18:45,Thursday,2e149b90-50dd-6f76-090a-11ea8e86846e
Tiffany77,05-10-2023 18:45,Thursday,b403ed52-6abe-a9e7-dc60-61fa55084eba
Tyrone_Jakubowski,05-10-2023 18:45,Thursday,df05d2bd-b2a1-67a5-4dd6-a5cd9bbf03b2
Opal_Witting1,05-10-2023 18:45,Thursday,69a78e5e-e43e-90fa-a035-6f73e74f147e
Christian_Ebert17,05-10-2023 18:45,Thursday,d7bca052-9a80-eaec-ea67-e3f97ea555d5
Taylor_Kovacek,05-10-2023 18:45,Thursday,24af7fa4-ed50-16a6-9980-b3fc911e42ce
Nelson.Hegmann37,05-10-2023 18:45,Thursday,a37da4d3-81dd-fd14-e3ac-38971291f1dd
Lewis94,05-10-2023 18:45,Thursday,97c1c38b-1cc9-34d4-2485-f571c2a55876
Shane_Jaskolski,05-10-2023 18:45,Thursday,f12a7fe6-5220-3bef-52b2-f8d7f4c8c6cb
Tanya.Marks,05-10-2023 18:45,Thursday,9b519c89-e2f8-b3ab-8a20-fa9f4f5c174f
Megan_Wilderman,05-10-2023 18:45,Thursday,d72868dc-c389-a87d-741f-39b3b623f4d6
Frankie.Abernathy17,05-10-2023 18:45,Thursday,824b494c-8053-1fb7-081d-98eb1c565165
Gilbert.Mante,05-10-2023 18:45,Thursday,3646747e-9e07-4672-aa48-72bffcf4f0de
Monique.Carter,05-10-2023 18:45,Thursday,bc71ad48-fc31-e86d-cadb-f3ccaad60bbe
Julio3,05-10-2023 18:45,Thursday,bfa1183a-a225-c292-79ba-a519fa4d6655
Dale71,05-10-2023 18:45,Thursday,6d7dd5f4-f937-80f2-78fd-14712c774265
Ramon_Ziemann,05-10-2023 18:45,Thursday,d38f6a0c-86c0-b52d-c66b-e5bd1eb1ea26
Lynette.Muller,05-10-2023 18:45,Thursday,24d29b7d-83e8-a997-f89f-5e3c94efefd1
Lora.Mraz,05-10-2023 18:45,Thursday,8c417d9d-b13f-f070-bf07-1fd9c768126f
Bethany_Berge,05-10-2023 18:45,Thursday,224d4c53-5a76-6dc4-b32e-f61234538e7f
Cory4,05-10-2023 18:45,Thursday,2c6e98c4-30df-ef67-9a9e-bc8395b6d576
Norman32,05-10-2023 18:45,Thursday,12fd2f9d-a2c0-357c-cca2-f5d5b6781f56
Freddie_Ortiz49,05-10-2023 18:45,Thursday,963d82d7-bbc1-6171-48dd-3d937541fc5d
Kristy.Koelpin,05-10-2023 18:45,Thursday,0d58777f-4a30-8fcf-5e6f-504c2e0da05e
Antoinette47,05-10-2023 18:45,Thursday,ca36308c-ddc8-5d79-3eaf-943307a5e8d3
Anne32,05-10-2023 18:45,Thursday,43f99b4c-97cd-fb74-6e92-65e3db23225d
Margarita85,05-10-2023 18:45,Thursday,61fbd1a7-2358-9782-7f2f-25a0b8d0fc37
Terry_Weber,06-10-2023 08:29,Friday,e13412b2-fe46-7149-6593-e47043f39c91
Nick37,06-10-2023 08:29,Friday,de5b8815-1689-7c78-44e1-33375e7e2931
Jerry_Adams6,06-10-2023 08:29,Friday,e31e41f4-4992-cd5d-def4-4c79f86bb0e1
Catherine.McCullough,06-10-2023 08:29,Friday,d59e1aae-c9cc-5c17-4458-4f02bdc494d2
Karl94,06-10-2023 08:29,Friday,938a6656-0b54-6a9c-76a2-bbfac8f3de81
Joseph.Schuster20,06-10-2023 08:29,Friday,94c4e3b2-bb87-cb77-e116-5aaa605b23f7
Angelina_Ernser39,06-10-2023 08:29,Friday,58f01a16-272b-ba7e-9511-5d05a13ef3f5
Gina49,06-10-2023 08:29,Friday,bdb7a62a-a3a7-394f-48c4-3c8385798a2d
Toni69,06-10-2023 08:29,Friday,5ca3c3fc-c842-9f4e-fa1f-028b96e06515
Anita.Mraz,06-10-2023 08:29,Friday,914cf3da-34b1-b2fa-60ef-710ea5ee1e34
Patty.Metz31,06-10-2023 08:29,Friday,df60f3f8-0e13-b64a-76b5-863bae54478e
Angelica_Willms,06-10-2023 08:29,Friday,a69de642-dd03-ba60-2241-9952b57463ef
Darla46,06-10-2023 08:29,Friday,5b967b97-a906-e22e-a1f4-8a58e05eded4
Alyssa50,06-10-2023 08:29,Friday,4c9314d8-75cc-24e6-4443-172c2b0b3f87
Genevieve60,06-10-2023 08:29,Friday,9dcfd7a8-1a8a-e410-df25-0111bf54ba96
Julia82,06-10-2023 08:29,Friday,9ed5c582-546f-2c86-1bde-493e4202c642
Mary95,06-10-2023 08:29,Friday,3ce33e44-e54a-97f7-bed8-360ddc53f0af
Geneva3,06-10-2023 08:29,Friday,f2ce4750-b7e5-f4b3-b9a8-569839d989c9
Eleanor_Dickinson,06-10-2023 08:29,Friday,0e5ab843-b051-4f79-d17c-45722f45341b
Myrtle.Kreiger,06-10-2023 08:29,Friday,7a3ea1bb-4f68-241a-4a9c-fcd53d50bc6c
Melanie75,06-10-2023 08:29,Friday,e1aa6c11-199f-6a22-c5a7-aa43b16492a3
Jeanne_Grady90,06-10-2023 08:29,Friday,51c3889b-3676-4ff4-c3c1-87b120a3c893
Cornelius8,06-10-2023 08:29,Friday,c6216c7f-9515-5983-9829-a48d186adac9
Roland.Heller67,06-10-2023 08:29,Friday,8453059c-61ce-47a1-d158-7b82ce5e90d4
Brandy14,06-10-2023 08:29,Friday,916c868e-1535-c340-3344-2bc43ef4f21c
Lucia.Gutmann63,06-10-2023 08:29,Friday,77850dbf-2807-5b3b-0a98-28f06067a045
Freda92,06-10-2023 08:29,Friday,e82a42da-07fb-7e8a-b679-d81c846b56f3
Geoffrey38,06-10-2023 08:29,Friday,d4dc22bd-c4e6-03ae-0ed0-c715f28cefe0
Lucia_Davis,06-10-2023 08:29,Friday,c84ce094-aa23-9d0d-bc79-433b7f19a59b
Opal_Witting1,06-10-2023 08:29,Friday,69a78e5e-e43e-90fa-a035-6f73e74f147e
Bertha70,06-10-2023 08:29,Friday,151f146b-8a46-2936-b998-192bcbde348c
Milton_Hettinger,06-10-2023 08:29,Friday,89729512-f85d-22fa-ed62-48ec69f9f7e5
Jimmie.Steuber31,06-10-2023 08:29,Friday,2b9640eb-2147-c2c2-d9b7-b0c757b5a45e
Nelson.Hegmann37,06-10-2023 08:29,Friday,a37da4d3-81dd-fd14-e3ac-38971291f1dd
Lester.Watsica42,06-10-2023 08:29,Friday,1e9951a6-19ec-dc7b-6013-60c4f751878a
Eloise_Walsh,06-10-2023 08:29,Friday,2bc79786-9646-1114-aa37-f20dc83fd859
Rene_Huel91,06-10-2023 08:29,Friday,2c3705a7-62ca-d3d7-8230-dbad67e52c95
Victoria.Christiansen,06-10-2023 08:29,Friday,a7cb884a-46aa-f387-3ed5-8441e99e0047
Megan_Wilderman,06-10-2023 08:29,Friday,d72868dc-c389-a87d-741f-39b3b623f4d6
Lamar_Monahan83,06-10-2023 08:29,Friday,18e50e78-692a-9adb-3d8f-4e1219e4f952
Glen_Runolfsdottir71,06-10-2023 08:29,Friday,781953a8-00a3-b559-1907-08e84ae1a67f
Ellis_Grant20,06-10-2023 08:29,Friday,8d5fc3a9-1073-77bd-b5f3-c796349a8d92
Alice_Homenick,06-10-2023 08:29,Friday,1afe437f-4b86-f481-c7db-173b8df0527e
Felipe88,06-10-2023 08:29,Friday,46318930-a133-a469-5acb-107d6d5139b9
Noah.Wuckert,06-10-2023 08:29,Friday,da1fa527-21b1-3452-f249-e2abd5493af6
Monique.Carter,06-10-2023 08:29,Friday,bc71ad48-fc31-e86d-cadb-f3ccaad60bbe
Brendan.Boyle23,06-10-2023 08:29,Friday,0065b4a9-d034-2623-b530-d50dc24471e7
Marsha.Pouros,06-10-2023 08:29,Friday,8e993ea0-a5d4-428b-e61b-df78e5215ccc
Lynette.Muller,06-10-2023 08:29,Friday,24d29b7d-83e8-a997-f89f-5e3c94efefd1
Jason_Wilderman24,06-10-2023 08:29,Friday,a7e0b53c-cb47-f9a5-4eb4-5dae0a61c7db
Bethany_Berge,06-10-2023 08:29,Friday,224d4c53-5a76-6dc4-b32e-f61234538e7f
Leticia1,06-10-2023 08:29,Friday,8a2924c9-1398-377a-fdea-14c59f3f14fe
Cory4,06-10-2023 08:29,Friday,2c6e98c4-30df-ef67-9a9e-bc8395b6d576
Dallas.Bernhard27,06-10-2023 08:29,Friday,9c4303e2-5b7f-dc51-493f-13bdf68b744c
Antoinette47,06-10-2023 08:29,Friday,ca36308c-ddc8-5d79-3eaf-943307a5e8d3
Anne32,06-10-2023 08:29,Friday,43f99b4c-97cd-fb74-6e92-65e3db23225d
Doug93,07-10-2023 10:24,Saturday,2fba2529-c166-8574-2da2-eac544d82634
Nathaniel6,07-10-2023 10:24,Saturday,8b0b5db6-19d6-d777-575e-915c2a77959a
Willard66,07-10-2023 10:24,Saturday,cbf0d80b-8532-070b-0df6-a0279e65d0b2
Nick37,07-10-2023 10:24,Saturday,de5b8815-1689-7c78-44e1-33375e7e2931
Jerry_Adams6,07-10-2023 10:24,Saturday,e31e41f4-4992-cd5d-def4-4c79f86bb0e1
Myrtle27,07-10-2023 10:24,Saturday,5ed4eae5-d93c-6b18-be47-93a787c73bcb
Eva35,07-10-2023 10:24,Saturday,bb367131-ec06-3d69-a861-eeca3f9cc88d
Dominic.Daugherty55,07-10-2023 10:24,Saturday,acb1c13f-a700-ae85-97fa-daa56573f7bd
Eileen_Schneider30,07-10-2023 10:24,Saturday,99f065e9-2796-0dc7-97c4-8ea28db20bf7
Janis.Weimann23,07-10-2023 10:24,Saturday,27c06654-a582-f05c-8824-80c616d65214
Joseph.Schuster20,07-10-2023 10:24,Saturday,94c4e3b2-bb87-cb77-e116-5aaa605b23f7
Franklin63,07-10-2023 10:24,Saturday,5a254c98-a749-ab02-bf62-2f9a4fb1e98a
Curtis83,07-10-2023 10:24,Saturday,07b7738e-1363-827b-99b2-8acc05bee48b
Bryan.Dare57,07-10-2023 10:24,Saturday,e5cfa313-cbc1-d7b8-4198-b2e2faa61a37
Gina49,07-10-2023 10:24,Saturday,bdb7a62a-a3a7-394f-48c4-3c8385798a2d
Jeff60,07-10-2023 10:24,Saturday,26134998-daf7-9124-f420-4643ac2eceb5
Jennie52,07-10-2023 10:24,Saturday,0c9b9253-3f4d-407f-4499-19a998cf7b6e
Tanya.Jones,07-10-2023 10:24,Saturday,624cf18a-0df7-4659-7895-c08980dd7ce9
Kristie.Cronin42,07-10-2023 10:24,Saturday,21b78533-4b76-e55e-6fbc-d69d0078a29e
Aaron_Gleason20,07-10-2023 10:24,Saturday,0d0ac023-746e-5d8e-3229-4b049c62400c
Angelica_Willms,07-10-2023 10:24,Saturday,a69de642-dd03-ba60-2241-9952b57463ef
Joyce.Bednar,07-10-2023 10:24,Saturday,ee3cfee1-5c6e-d2e7-77ff-d2695844dac4
Tyler_Thompson36,07-10-2023 10:24,Saturday,17717136-8df0-f73c-c5a1-527125e28c6d
Julia82,07-10-2023 10:24,Saturday,9ed5c582-546f-2c86-1bde-493e4202c642
Victor_Kuhn,07-10-2023 10:24,Saturday,d59bffa8-6db8-3872-53bb-13f9218482e3
Zachary66,07-10-2023 10:24,Saturday,47d4a943-13a1-a25e-6217-4825ea091ce0
Mary95,07-10-2023 10:24,Saturday,3ce33e44-e54a-97f7-bed8-360ddc53f0af
Crystal83,07-10-2023 10:24,Saturday,d0918fee-d7b8-0d7a-82be-7fe8a78f8dd9
Jeanne_Grady90,07-10-2023 10:24,Saturday,51c3889b-3676-4ff4-c3c1-87b120a3c893
Shannon18,07-10-2023 10:24,Saturday,e883bd10-c2ab-1f4b-61e8-ae2e29a32097
Kent_Marvin17,07-10-2023 10:24,Saturday,35af28c2-1784-cff0-63cb-7cc8ba85d863
Dave6,07-10-2023 10:24,Saturday,88eaa5f5-27be-31e2-c806-25938d477ebc
Lucas_Wilkinson,07-10-2023 10:24,Saturday,dfe29042-5a63-f124-0873-6d72f9474c44
Cathy.Schuster,07-10-2023 10:24,Saturday,7e5eff58-40fd-ad6e-0fc5-db66c1e4ce41
Ora.Jacobs,07-10-2023 10:24,Saturday,fd2abc01-7b6f-a376-e0cc-c9b5f178fc5c
Opal_Witting1,07-10-2023 10:24,Saturday,69a78e5e-e43e-90fa-a035-6f73e74f147e
Willis98,07-10-2023 10:24,Saturday,ae67ad8f-0a3c-68c9-dbd4-b0b90e5ca351
Hope.McClure,07-10-2023 10:24,Saturday,97d139ea-26b3-fcda-d640-44b64456ccbd
Kyle41,07-10-2023 10:24,Saturday,185cc8e9-b768-f15d-267e-7b78e2006135
Bradley55,07-10-2023 10:24,Saturday,e44a4e81-0947-0d1c-f35b-229b91c8321e
Victoria.Christiansen,07-10-2023 10:24,Saturday,a7cb884a-46aa-f387-3ed5-8441e99e0047
Shane_Jaskolski,07-10-2023 10:24,Saturday,f12a7fe6-5220-3bef-52b2-f8d7f4c8c6cb
Megan_Wilderman,07-10-2023 10:24,Saturday,d72868dc-c389-a87d-741f-39b3b623f4d6
Ismael60,07-10-2023 10:24,Saturday,0bdadb0c-4a36-db04-de1d-0ca161ef2197
Dale71,07-10-2023 10:24,Saturday,6d7dd5f4-f937-80f2-78fd-14712c774265
Lynette.Muller,07-10-2023 10:24,Saturday,24d29b7d-83e8-a997-f89f-5e3c94efefd1
Kristie.OHara5,07-10-2023 10:24,Saturday,09524dfa-ffb9-3468-c4dd-83a4b4906d60
Jason_Wilderman24,07-10-2023 10:24,Saturday,a7e0b53c-cb47-f9a5-4eb4-5dae0a61c7db
Cory4,07-10-2023 10:24,Saturday,2c6e98c4-30df-ef67-9a9e-bc8395b6d576
Amos80,07-10-2023 10:24,Saturday,09a28a7e-eb04-dabb-d731-a80725f0e4a2
Anne32,07-10-2023 10:24,Saturday,43f99b4c-97cd-fb74-6e92-65e3db23225d
Willard66,07-10-2023 10:30,Saturday,cbf0d80b-8532-070b-0df6-a0279e65d0b2
Jerry_Adams6,07-10-2023 10:30,Saturday,e31e41f4-4992-cd5d-def4-4c79f86bb0e1
Emmett82,07-10-2023 10:30,Saturday,e9de6dd1-84e5-9833-59de-8c51008de6a0
Eileen_Schneider30,07-10-2023 10:30,Saturday,99f065e9-2796-0dc7-97c4-8ea28db20bf7
Karl94,07-10-2023 10:30,Saturday,938a6656-0b54-6a9c-76a2-bbfac8f3de81
Herbert_Stokes98,07-10-2023 10:30,Saturday,398575d0-fd2a-d16a-7345-e6437ee5a25a
Franklin63,07-10-2023 10:30,Saturday,5a254c98-a749-ab02-bf62-2f9a4fb1e98a
Curtis83,07-10-2023 10:30,Saturday,07b7738e-1363-827b-99b2-8acc05bee48b
Hugo_Lang,07-10-2023 10:30,Saturday,e51c2535-8913-8681-4182-aa7af408e927
Angelica_Willms,07-10-2023 10:30,Saturday,a69de642-dd03-ba60-2241-9952b57463ef
Wilson75,07-10-2023 10:30,Saturday,f4e599ea-6054-4a9d-f446-3a5c07c07c1c
Alyssa50,07-10-2023 10:30,Saturday,4c9314d8-75cc-24e6-4443-172c2b0b3f87
Juanita_Langworth,07-10-2023 10:30,Saturday,da0ee7ee-bf4d-b85f-3dc3-f22db8e82c5e
Benny_Ondricka34,07-10-2023 10:30,Saturday,e1f2d509-a0c9-f79a-177a-7252e4d72a70
Julia82,07-10-2023 10:30,Saturday,9ed5c582-546f-2c86-1bde-493e4202c642
Lance.Swift80,07-10-2023 10:30,Saturday,7e3a6790-e67c-461e-df42-c88ee693c014
Garry_Rice69,07-10-2023 10:30,Saturday,4fe0db05-816a-8d2d-fb54-6fc6b8a68135
Ana61,07-10-2023 10:30,Saturday,bb68401c-8516-62e5-52d6-9f8fa8b83f95
Bruce_Rice,07-10-2023 10:30,Saturday,241fe2e5-101d-c8be-72c0-826771165ac2
Geneva3,07-10-2023 10:30,Saturday,f2ce4750-b7e5-f4b3-b9a8-569839d989c9
Eleanor_Dickinson,07-10-2023 10:30,Saturday,0e5ab843-b051-4f79-d17c-45722f45341b
Hazel.Skiles,07-10-2023 10:30,Saturday,d5925ab3-def4-0bfc-5498-407b46c1292f
Ross46,07-10-2023 10:30,Saturday,6f28d022-5a53-4546-1013-96cff19acf7a
Bennie63,07-10-2023 10:30,Saturday,38d9269c-7147-070d-8c4c-91568098027d
Marvin.Beer51,07-10-2023 10:30,Saturday,2588393e-9822-9948-025a-a2cbfe1215df
Megan17,07-10-2023 10:30,Saturday,70f55abd-ce18-d7f7-8a21-b4e9bdc8eb22
Rex.OConner69,07-10-2023 10:30,Saturday,c2b86cf1-ed54-b757-d743-fb0fe74c0c09
Pat.Abbott,07-10-2023 10:30,Saturday,b33edad1-3ee3-a1e1-e47a-9fe4e95de43d
Penny51,07-10-2023 10:30,Saturday,054ac0ea-4000-c20d-7a20-a7d4e67a5a63
Cody10,07-10-2023 10:30,Saturday,bb629326-57e3-69bc-e8a3-5a59e8a09da3
Paulette.Mohr,07-10-2023 10:30,Saturday,e3827f0c-4494-7b38-2b1d-20f076896821
Jackie_Maggio52,07-10-2023 10:30,Saturday,e9aee328-f08a-28e0-ac15-c6227152fa91
Bryant87,07-10-2023 10:30,Saturday,b173c5bd-f2bb-f377-0aab-bafe25c1d1ba
Claudia_Romaguera,07-10-2023 10:30,Saturday,0b40ec3e-fd86-7c99-d394-df86824ba9b4
Lynne.Moore,07-10-2023 10:30,Saturday,1fee144f-5ea5-7322-0396-0bb531a641c4
Holly.Schmeler29,07-10-2023 10:30,Saturday,943504fe-9b36-62d7-4e4d-e26705ba8090
Karen73,07-10-2023 10:30,Saturday,f98d2104-b92e-4030-6efb-c4479a39d630
Myron.Tromp37,07-10-2023 10:30,Saturday,d8bc6f98-c444-ddb0-af4b-22e7d49f61f5
Kristie_Rowe28,07-10-2023 10:30,Saturday,01ffbd3b-7f1a-6969-710f-e46380c18930
Joan_Krajcik60,07-10-2023 10:30,Saturday,3c5725db-60e3-f710-d546-709ed23dfa72
Brandy14,07-10-2023 10:30,Saturday,916c868e-1535-c340-3344-2bc43ef4f21c
Curtis84,07-10-2023 10:30,Saturday,aef99e61-cb56-6715-fa26-1b38c398d835
Jamie.Treutel,07-10-2023 10:30,Saturday,fb94ada2-291a-259d-ea71-d3e2a01a4a63
Ora.Jacobs,07-10-2023 10:30,Saturday,fd2abc01-7b6f-a376-e0cc-c9b5f178fc5c
Neil_Reinger,07-10-2023 10:30,Saturday,0d2b6783-aa54-e936-898c-2a96572fdcc4
Eileen99,07-10-2023 10:30,Saturday,595d2651-9e56-db1e-ebdc-05f1a7cb774a
Erin_Buckridge,07-10-2023 10:30,Saturday,e688f54c-c299-877a-fd74-f5792a42ddee
Shane_Jaskolski,07-10-2023 10:30,Saturday,f12a7fe6-5220-3bef-52b2-f8d7f4c8c6cb
Gary_Robel,07-10-2023 10:30,Saturday,5f0f58ae-55cb-9d71-358d-3151aa67e9f2
Darlene_Wisozk58,07-10-2023 10:30,Saturday,34bfc48f-db27-0eaf-f2b0-658a2de5a231
Frankie.Abernathy17,07-10-2023 10:30,Saturday,824b494c-8053-1fb7-081d-98eb1c565165
Ismael60,07-10-2023 10:30,Saturday,0bdadb0c-4a36-db04-de1d-0ca161ef2197
Noah.Wuckert,07-10-2023 10:30,Saturday,da1fa527-21b1-3452-f249-e2abd5493af6
Seth60,07-10-2023 10:30,Saturday,39a28b40-dde6-84ec-c96e-dacc075effcb
Kristie.OHara5,07-10-2023 10:30,Saturday,09524dfa-ffb9-3468-c4dd-83a4b4906d60
Jason_Wilderman24,07-10-2023 10:30,Saturday,a7e0b53c-cb47-f9a5-4eb4-5dae0a61c7db
Josephine54,07-10-2023 10:30,Saturday,12cf011f-e95c-c2e2-9acb-9e98e3951bc3
Leona93,07-10-2023 10:30,Saturday,25d3aa14-7f8c-d9df-407e-fb317d1209e2
Kristy.Koelpin,07-10-2023 10:30,Saturday,0d58777f-4a30-8fcf-5e6f-504c2e0da05e
Antoinette47,07-10-2023 10:30,Saturday,ca36308c-ddc8-5d79-3eaf-943307a5e8d3
Margarita85,07-10-2023 10:30,Saturday,61fbd1a7-2358-9782-7f2f-25a0b8d0fc37
Nathaniel6,07-10-2023 10:31,Saturday,8b0b5db6-19d6-d777-575e-915c2a77959a
Jerry_Adams6,07-10-2023 10:31,Saturday,e31e41f4-4992-cd5d-def4-4c79f86bb0e1
Eva35,07-10-2023 10:31,Saturday,bb367131-ec06-3d69-a861-eeca3f9cc88d
Emmett82,07-10-2023 10:31,Saturday,e9de6dd1-84e5-9833-59de-8c51008de6a0
Eileen_Schneider30,07-10-2023 10:31,Saturday,99f065e9-2796-0dc7-97c4-8ea28db20bf7
Herbert_Stokes98,07-10-2023 10:31,Saturday,398575d0-fd2a-d16a-7345-e6437ee5a25a
Gina49,07-10-2023 10:31,Saturday,bdb7a62a-a3a7-394f-48c4-3c8385798a2d
Angelica_Willms,07-10-2023 10:31,Saturday,a69de642-dd03-ba60-2241-9952b57463ef
Alyssa50,07-10-2023 10:31,Saturday,4c9314d8-75cc-24e6-4443-172c2b0b3f87
Dewey.Gerlach45,07-10-2023 10:31,Saturday,aea19bc4-fa95-63dc-c25e-26f9a1ebb351
Lance.Swift80,07-10-2023 10:31,Saturday,7e3a6790-e67c-461e-df42-c88ee693c014
Garry_Rice69,07-10-2023 10:31,Saturday,4fe0db05-816a-8d2d-fb54-6fc6b8a68135
Ana61,07-10-2023 10:31,Saturday,bb68401c-8516-62e5-52d6-9f8fa8b83f95
Geneva3,07-10-2023 10:31,Saturday,f2ce4750-b7e5-f4b3-b9a8-569839d989c9
Eleanor_Dickinson,07-10-2023 10:31,Saturday,0e5ab843-b051-4f79-d17c-45722f45341b
Ross46,07-10-2023 10:31,Saturday,6f28d022-5a53-4546-1013-96cff19acf7a
Bennie63,07-10-2023 10:31,Saturday,38d9269c-7147-070d-8c4c-91568098027d
Rex.OConner69,07-10-2023 10:31,Saturday,c2b86cf1-ed54-b757-d743-fb0fe74c0c09
Pat.Abbott,07-10-2023 10:31,Saturday,b33edad1-3ee3-a1e1-e47a-9fe4e95de43d
Cody10,07-10-2023 10:31,Saturday,bb629326-57e3-69bc-e8a3-5a59e8a09da3
Paulette.Mohr,07-10-2023 10:31,Saturday,e3827f0c-4494-7b38-2b1d-20f076896821
Jackie_Maggio52,07-10-2023 10:31,Saturday,e9aee328-f08a-28e0-ac15-c6227152fa91
Bryant87,07-10-2023 10:31,Saturday,b173c5bd-f2bb-f377-0aab-bafe25c1d1ba
Claudia_Romaguera,07-10-2023 10:31,Saturday,0b40ec3e-fd86-7c99-d394-df86824ba9b4
Karen73,07-10-2023 10:31,Saturday,f98d2104-b92e-4030-6efb-c4479a39d630
Myron.Tromp37,07-10-2023 10:31,Saturday,d8bc6f98-c444-ddb0-af4b-22e7d49f61f5
Julio_Weber,07-10-2023 10:31,Saturday,54ee4caf-10c6-e45f-2773-725e91dc86c7
Brandy14,07-10-2023 10:31,Saturday,916c868e-1535-c340-3344-2bc43ef4f21c
Lucia_Davis,07-10-2023 10:31,Saturday,c84ce094-aa23-9d0d-bc79-433b7f19a59b
Jamie.Treutel,07-10-2023 10:31,Saturday,fb94ada2-291a-259d-ea71-d3e2a01a4a63
Cynthia92,07-10-2023 10:31,Saturday,079d7d0e-7af5-35e1-9bfa-e99ec76c1fcd
Neil_Reinger,07-10-2023 10:31,Saturday,0d2b6783-aa54-e936-898c-2a96572fdcc4
Bertha70,07-10-2023 10:31,Saturday,151f146b-8a46-2936-b998-192bcbde348c
Jimmie.Steuber31,07-10-2023 10:31,Saturday,2b9640eb-2147-c2c2-d9b7-b0c757b5a45e
Lewis94,07-10-2023 10:31,Saturday,97c1c38b-1cc9-34d4-2485-f571c2a55876
Eloise_Walsh,07-10-2023 10:31,Saturday,2bc79786-9646-1114-aa37-f20dc83fd859
Erin_Buckridge,07-10-2023 10:31,Saturday,e688f54c-c299-877a-fd74-f5792a42ddee
Carla_Langworth3,07-10-2023 10:31,Saturday,9b10e417-a4e1-50ff-ec21-06765bee76f2
Kyle41,07-10-2023 10:31,Saturday,185cc8e9-b768-f15d-267e-7b78e2006135
Gary_Robel,07-10-2023 10:31,Saturday,5f0f58ae-55cb-9d71-358d-3151aa67e9f2
Darlene_Wisozk58,07-10-2023 10:31,Saturday,34bfc48f-db27-0eaf-f2b0-658a2de5a231
Tyrone.Simonis,07-10-2023 10:31,Saturday,b0ea7742-5ad5-5523-a01a-ca3f8efddfa3
Frankie.Abernathy17,07-10-2023 10:31,Saturday,824b494c-8053-1fb7-081d-98eb1c565165
Lamar_Monahan83,07-10-2023 10:31,Saturday,18e50e78-692a-9adb-3d8f-4e1219e4f952
Ismael60,07-10-2023 10:31,Saturday,0bdadb0c-4a36-db04-de1d-0ca161ef2197
Jonathon_McDermott15,07-10-2023 10:31,Saturday,e3ae5e2d-2d51-01ab-1ce4-d52a32b0a5b7
Cory4,07-10-2023 10:31,Saturday,2c6e98c4-30df-ef67-9a9e-bc8395b6d576
Josephine54,07-10-2023 10:31,Saturday,12cf011f-e95c-c2e2-9acb-9e98e3951bc3
Antoinette47,07-10-2023 10:31,Saturday,ca36308c-ddc8-5d79-3eaf-943307a5e8d3
Stephanie28,07-10-2023 10:31,Saturday,3a6860f9-e74d-ee0e-00b3-d1e5d25bbe2c
Nathaniel6,09-10-2023 09:20,Monday,8b0b5db6-19d6-d777-575e-915c2a77959a
Terry_Weber,09-10-2023 09:20,Monday,e13412b2-fe46-7149-6593-e47043f39c91
Leticia.Pagac,09-10-2023 09:20,Monday,908dcb71-beeb-57c4-72f6-50451a6c3d12
Myrtle27,09-10-2023 09:20,Monday,5ed4eae5-d93c-6b18-be47-93a787c73bcb
Ted32,09-10-2023 09:20,Monday,88885096-1825-640b-1dff-281b668b24e5
Angelina_Ernser39,09-10-2023 09:20,Monday,58f01a16-272b-ba7e-9511-5d05a13ef3f5
Sophia6,09-10-2023 09:20,Monday,d8770289-c958-157a-e213-aa5483e2f39b
Bryan.Dare57,09-10-2023 09:20,Monday,e5cfa313-cbc1-d7b8-4198-b2e2faa61a37
Jeff60,09-10-2023 09:20,Monday,26134998-daf7-9124-f420-4643ac2eceb5
Kristie.Cronin42,09-10-2023 09:20,Monday,21b78533-4b76-e55e-6fbc-d69d0078a29e
Gilbert_Oberbrunner,09-10-2023 09:20,Monday,1fa8819c-1386-dc9b-840b-e7d0dc84f158
Sylvia_McGlynn,09-10-2023 09:20,Monday,1111011b-50a0-0121-8b39-8d63bfd1f39e
Alyssa50,09-10-2023 09:20,Monday,4c9314d8-75cc-24e6-4443-172c2b0b3f87
Benny_Ondricka34,09-10-2023 09:20,Monday,e1f2d509-a0c9-f79a-177a-7252e4d72a70
Roman.Veum,09-10-2023 09:20,Monday,d1434c7e-c14a-5b85-0e72-0ce74d690ceb
Garry_Rice69,09-10-2023 09:20,Monday,4fe0db05-816a-8d2d-fb54-6fc6b8a68135
Eleanor_Dickinson,09-10-2023 09:20,Monday,0e5ab843-b051-4f79-d17c-45722f45341b
Morris.Pollich94,09-10-2023 09:20,Monday,4e83b6ed-1ee8-57b8-7668-18c41b230f7f
Ross46,09-10-2023 09:20,Monday,6f28d022-5a53-4546-1013-96cff19acf7a
Bennie63,09-10-2023 09:20,Monday,38d9269c-7147-070d-8c4c-91568098027d
Cody10,09-10-2023 09:20,Monday,bb629326-57e3-69bc-e8a3-5a59e8a09da3
Kent_Marvin17,09-10-2023 09:20,Monday,35af28c2-1784-cff0-63cb-7cc8ba85d863
Lynne.Moore,09-10-2023 09:20,Monday,1fee144f-5ea5-7322-0396-0bb531a641c4
Karen73,09-10-2023 09:20,Monday,f98d2104-b92e-4030-6efb-c4479a39d630
Louise82,09-10-2023 09:20,Monday,0ee9b932-8372-e164-f953-4cf04f97022b
Roland.Heller67,09-10-2023 09:20,Monday,8453059c-61ce-47a1-d158-7b82ce5e90d4
Rose95,09-10-2023 09:20,Monday,f12520ba-1579-e16d-2e16-b72436e1a48c
Lucia.Gutmann63,09-10-2023 09:20,Monday,77850dbf-2807-5b3b-0a98-28f06067a045
Curtis84,09-10-2023 09:20,Monday,aef99e61-cb56-6715-fa26-1b38c398d835
Isaac_Halvorson,09-10-2023 09:20,Monday,efba94c8-332e-bc14-14a6-4667b056eeec
Freda92,09-10-2023 09:20,Monday,e82a42da-07fb-7e8a-b679-d81c846b56f3
Tyrone_Jakubowski,09-10-2023 09:20,Monday,df05d2bd-b2a1-67a5-4dd6-a5cd9bbf03b2
Taylor_Kovacek,09-10-2023 09:20,Monday,24af7fa4-ed50-16a6-9980-b3fc911e42ce
Minnie40,09-10-2023 09:20,Monday,14f08649-f6b7-d553-d082-186d048a4756
Bertha70,09-10-2023 09:20,Monday,151f146b-8a46-2936-b998-192bcbde348c
Kyle41,09-10-2023 09:20,Monday,185cc8e9-b768-f15d-267e-7b78e2006135
Shane_Jaskolski,09-10-2023 09:20,Monday,f12a7fe6-5220-3bef-52b2-f8d7f4c8c6cb
Gary_Robel,09-10-2023 09:20,Monday,5f0f58ae-55cb-9d71-358d-3151aa67e9f2
Darlene_Wisozk58,09-10-2023 09:20,Monday,34bfc48f-db27-0eaf-f2b0-658a2de5a231
Beatrice.Schaden,09-10-2023 09:20,Monday,b68975dd-a0ee-c293-02a5-ee1c2cafec1f
Megan_Wilderman,09-10-2023 09:20,Monday,d72868dc-c389-a87d-741f-39b3b623f4d6
Frankie.Abernathy17,09-10-2023 09:20,Monday,824b494c-8053-1fb7-081d-98eb1c565165
Alice_Homenick,09-10-2023 09:20,Monday,1afe437f-4b86-f481-c7db-173b8df0527e
Noah.Wuckert,09-10-2023 09:20,Monday,da1fa527-21b1-3452-f249-e2abd5493af6
Marco.Aufderhar,09-10-2023 09:20,Monday,92861edb-73fc-f858-81b1-905977b76d05
Dawn.Littel,09-10-2023 09:20,Monday,abca8f57-84a5-cdce-344f-a34ff2cf28f1
Ramon_Ziemann,09-10-2023 09:20,Monday,d38f6a0c-86c0-b52d-c66b-e5bd1eb1ea26
Lynette.Muller,09-10-2023 09:20,Monday,24d29b7d-83e8-a997-f89f-5e3c94efefd1
Raquel.McGlynn,09-10-2023 09:20,Monday,ecd06eea-5571-e0a1-7b7a-a529b9022384
Victoria.Jenkins28,09-10-2023 09:20,Monday,8eebcbd1-5c04-c10e-9c14-ff642c018f4e
Bethany_Berge,09-10-2023 09:20,Monday,224d4c53-5a76-6dc4-b32e-f61234538e7f
Leticia1,09-10-2023 09:20,Monday,8a2924c9-1398-377a-fdea-14c59f3f14fe
Josephine54,09-10-2023 09:20,Monday,12cf011f-e95c-c2e2-9acb-9e98e3951bc3
Leona93,09-10-2023 09:20,Monday,25d3aa14-7f8c-d9df-407e-fb317d1209e2
Stephanie28,09-10-2023 09:20,Monday,3a6860f9-e74d-ee0e-00b3-d1e5d25bbe2c
Terry_Weber,09-10-2023 09:38,Monday,e13412b2-fe46-7149-6593-e47043f39c91
Willard66,09-10-2023 09:38,Monday,cbf0d80b-8532-070b-0df6-a0279e65d0b2
Leticia.Pagac,09-10-2023 09:38,Monday,908dcb71-beeb-57c4-72f6-50451a6c3d12
Ted32,09-10-2023 09:38,Monday,88885096-1825-640b-1dff-281b668b24e5
Eileen_Schneider30,09-10-2023 09:38,Monday,99f065e9-2796-0dc7-97c4-8ea28db20bf7
Janis.Weimann23,09-10-2023 09:38,Monday,27c06654-a582-f05c-8824-80c616d65214
Jeff60,09-10-2023 09:38,Monday,26134998-daf7-9124-f420-4643ac2eceb5
Tanya.Jones,09-10-2023 09:38,Monday,624cf18a-0df7-4659-7895-c08980dd7ce9
Kristie.Cronin42,09-10-2023 09:38,Monday,21b78533-4b76-e55e-6fbc-d69d0078a29e
Tara14,09-10-2023 09:38,Monday,32d66fc5-f454-409e-5e95-9fa26ec813cb
Patty.Metz31,09-10-2023 09:38,Monday,df60f3f8-0e13-b64a-76b5-863bae54478e
Joyce.Bednar,09-10-2023 09:38,Monday,ee3cfee1-5c6e-d2e7-77ff-d2695844dac4
Marilyn66,09-10-2023 09:38,Monday,117256cb-c5dd-8d3e-d75e-c3602957f7ee
Gilbert_Oberbrunner,09-10-2023 09:38,Monday,1fa8819c-1386-dc9b-840b-e7d0dc84f158
Genevieve60,09-10-2023 09:38,Monday,9dcfd7a8-1a8a-e410-df25-0111bf54ba96
Dewey.Gerlach45,09-10-2023 09:38,Monday,aea19bc4-fa95-63dc-c25e-26f9a1ebb351
Roman.Veum,09-10-2023 09:38,Monday,d1434c7e-c14a-5b85-0e72-0ce74d690ceb
Garry_Rice69,09-10-2023 09:38,Monday,4fe0db05-816a-8d2d-fb54-6fc6b8a68135
Ana61,09-10-2023 09:38,Monday,bb68401c-8516-62e5-52d6-9f8fa8b83f95
Eleanor_Dickinson,09-10-2023 09:38,Monday,0e5ab843-b051-4f79-d17c-45722f45341b
Hazel.Skiles,09-10-2023 09:38,Monday,d5925ab3-def4-0bfc-5498-407b46c1292f
Morris.Pollich94,09-10-2023 09:38,Monday,4e83b6ed-1ee8-57b8-7668-18c41b230f7f
Myrtle.Kreiger,09-10-2023 09:38,Monday,7a3ea1bb-4f68-241a-4a9c-fcd53d50bc6c
Pat.Abbott,09-10-2023 09:38,Monday,b33edad1-3ee3-a1e1-e47a-9fe4e95de43d
Cody10,09-10-2023 09:38,Monday,bb629326-57e3-69bc-e8a3-5a59e8a09da3
Lora.Denesik40,09-10-2023 09:38,Monday,35b72bf8-667b-e8be-be9c-2c05cbdd3d9c
Gerard_Pfannerstill,09-10-2023 09:38,Monday,c11c0395-46cd-cd5e-1fd4-8aa418bd8e48
Claudia_Romaguera,09-10-2023 09:38,Monday,0b40ec3e-fd86-7c99-d394-df86824ba9b4
Holly.Schmeler29,09-10-2023 09:38,Monday,943504fe-9b36-62d7-4e4d-e26705ba8090
Zachary_Feeney13,09-10-2023 09:38,Monday,3f1e276e-73b6-5dbc-4709-3c77199a16f0
Lucas_Wilkinson,09-10-2023 09:38,Monday,dfe29042-5a63-f124-0873-6d72f9474c44
Naomi78,09-10-2023 09:38,Monday,3d8b31f3-75d8-099d-fed9-0290670e1090
Lucia.Gutmann63,09-10-2023 09:38,Monday,77850dbf-2807-5b3b-0a98-28f06067a045
Cathy.Schuster,09-10-2023 09:38,Monday,7e5eff58-40fd-ad6e-0fc5-db66c1e4ce41
Isaac_Halvorson,09-10-2023 09:38,Monday,efba94c8-332e-bc14-14a6-4667b056eeec
Winston85,09-10-2023 09:38,Monday,e41520ac-8c43-5242-903d-df681fcb85c2
Minnie40,09-10-2023 09:38,Monday,14f08649-f6b7-d553-d082-186d048a4756
Neil_Reinger,09-10-2023 09:38,Monday,0d2b6783-aa54-e936-898c-2a96572fdcc4
Jimmie.Steuber31,09-10-2023 09:38,Monday,2b9640eb-2147-c2c2-d9b7-b0c757b5a45e
Lester.Watsica42,09-10-2023 09:38,Monday,1e9951a6-19ec-dc7b-6013-60c4f751878a
Carla_Langworth3,09-10-2023 09:38,Monday,9b10e417-a4e1-50ff-ec21-06765bee76f2
Kyle41,09-10-2023 09:38,Monday,185cc8e9-b768-f15d-267e-7b78e2006135
Roderick.Walsh34,09-10-2023 09:38,Monday,d9f23499-7098-d7e0-da1c-345542754055
Gary_Robel,09-10-2023 09:38,Monday,5f0f58ae-55cb-9d71-358d-3151aa67e9f2
Beatrice.Schaden,09-10-2023 09:38,Monday,b68975dd-a0ee-c293-02a5-ee1c2cafec1f
Megan_Wilderman,09-10-2023 09:38,Monday,d72868dc-c389-a87d-741f-39b3b623f4d6
Frankie.Abernathy17,09-10-2023 09:38,Monday,824b494c-8053-1fb7-081d-98eb1c565165
Glen_Runolfsdottir71,09-10-2023 09:38,Monday,781953a8-00a3-b559-1907-08e84ae1a67f
Ellis_Grant20,09-10-2023 09:38,Monday,8d5fc3a9-1073-77bd-b5f3-c796349a8d92
Elisa21,09-10-2023 09:38,Monday,f5ee305f-ea2f-7794-154b-dd5408a526fc
Noah.Wuckert,09-10-2023 09:38,Monday,da1fa527-21b1-3452-f249-e2abd5493af6
Jonathon_McDermott15,09-10-2023 09:38,Monday,e3ae5e2d-2d51-01ab-1ce4-d52a32b0a5b7
Dianna_Jast,09-10-2023 09:38,Monday,51639136-f5bf-86a9-be9f-eb5d430b2ba8
Glenda_Kshlerin66,09-10-2023 09:38,Monday,513c843c-c7c1-099a-cda7-01a92cb7cd50
Jason_Wilderman24,09-10-2023 09:38,Monday,a7e0b53c-cb47-f9a5-4eb4-5dae0a61c7db
Lora.Mraz,09-10-2023 09:38,Monday,8c417d9d-b13f-f070-bf07-1fd9c768126f
Kelvin.Koss22,09-10-2023 09:38,Monday,822076f8-9281-9775-611f-ae4d6ba537eb
Joanne.Wisoky,09-10-2023 09:38,Monday,5417df31-a12e-b9e8-3352-d95920ad8425
Olive86,09-10-2023 09:38,Monday,ce170eaa-c6ef-fd1d-9302-4ac74d02c1bf
Dallas.Bernhard27,09-10-2023 09:38,Monday,9c4303e2-5b7f-dc51-493f-13bdf68b744c
Leona93,09-10-2023 09:38,Monday,25d3aa14-7f8c-d9df-407e-fb317d1209e2
Julia.Watsica,09-10-2023 09:38,Monday,697b9b37-a7c7-fec8-c202-c6d6adae5c03
Anne32,09-10-2023 09:38,Monday,43f99b4c-97cd-fb74-6e92-65e3db23225d
Rochelle18,09-10-2023 09:38,Monday,ecc84acf-4b30-5deb-d011-6f61c34b843e
